<?xml version="1.0" encoding="UTF-8"?>
<refentry xmlns="http://docbook.org/ns/docbook" xmlns:xlink="http://www.w3.org/1999/xlink" xmlns:scilab="http://www.scilab.org" xmlns:svg="http://www.w3.org/2000/svg" xmlns:ns3="http://www.w3.org/1999/xhtml" xmlns:mml="http://www.w3.org/1998/Math/MathML" xmlns:db="http://docbook.org/ns/docbook" version="5.0-subset Scilab" xml:id="cv_close" xml:lang="en">
<refnamediv>
<refname>cv_close</refname>
 <refpurpose>Perform Close operation on Image</refpurpose>
 </refnamediv>

<refsynopsisdiv>
 <title>Calling Sequence</title> 
<synopsis>img_ret=cv_close(image,kernel_type,kernel_size)
</synopsis>
 </refsynopsisdiv>
<refsection> 
<title>Arguments</title>
<variablelist>
<varlistentry>
<term>image</term>
<listitem>
<para>Input Image</para>
</listitem>
</varlistentry>
<varlistentry>
<term>kernel_type</term>
<listitem>
<para>It accepts Integer/Float as Input  1->MORPH_RECT 2-> MORPH_ELLIPSE 3-> MORPH_CROSS</para>
</listitem>
</varlistentry>
<varlistentry>
<term>kernel_size</term>
<listitem>
<para>It accepts a list as input specifying the size of Kernel needed example (5,5)</para>
</listitem>
</varlistentry>
<varlistentry>
<term>img_ret</term>
<listitem>
<para>Returns Image after performing close operation</para>
</listitem>
</varlistentry>
</variablelist>
</refsection>
<refsection> 
<title>Description</title>
<para>Performs Close operation</para>
<para>It is obtained by the dilation of an image followed by an erosion.. It is useful to remove small holes(dark region)</para></refsection>
<refsection>
<title>Examples</title>
<programlisting role="example">
img_ret=cv_close(input_image,1,[5,5])</programlisting>
</refsection>
<refsection role="see also">
<title>See Also</title>
<simplelist type="inline">
<member>
<link linkend="cv_blackhat">cv_blackhat</link>
<link linkend="cv_blur">cv_blur</link>
</member>
</simplelist>
</refsection>
</refentry>