<?xml version="1.0" encoding="UTF-8"?>
<!--
 * This file is released under the 3-clause BSD license. See COPYING-BSD.
 *
 -->
<refentry xmlns="http://docbook.org/ns/docbook" xmlns:xlink="http://www.w3.org/1999/xlink" xmlns:scilab="http://www.scilab.org" xmlns:svg="http://www.w3.org/2000/svg" xmlns:ns3="http://www.w3.org/1999/xhtml" xmlns:mml="http://www.w3.org/1998/Math/MathML" xmlns:db="http://docbook.org/ns/docbook" version="5.0-subset Scilab" xml:id="cv_calchist" xml:lang="en">
    <refnamediv>
        <refname>cv_calchist</refname>
        <refpurpose>Calculate histogram of Image</refpurpose>
    </refnamediv>
    <refsynopsisdiv>
        <title>Calling Sequence</title>
        <synopsis>hist= cv_calchist(image,channels,mask,histsize,ranges)</synopsis>
    </refsynopsisdiv>
    <refsection>
        <title>Arguments</title>
        <variablelist>
            <varlistentry>
                <term>image</term>
                <listitem>
                    <para>Input Image for which histogram is needed</para>
                </listitem>
            </varlistentry>
			<varlistentry>
			<term>channels</term>
                <listitem>
                    <para>It is given in square brackets. It the index of channel for which we calculate histogram. For example, if input is grayscale image, its value is [0]. For color image, you can pass [0],[1] or [2] to calculate histogram of blue,green or red channel respectively.</para>
                </listitem>
            </varlistentry>
			<varlistentry>
			<term>mask</term>
                <listitem>
                    <para>Mask image. To find histogram of full image, it is given as “None”. But if you want to find histogram of particular region of image, you have to create a mask image for that and give it as mask</para>
                </listitem>
            </varlistentry>
			<varlistentry>
			<term>HistSize</term>
                <listitem>
                    <para>It takes argument as list. This represents our BIN count. Need to be given in square brackets. For full scale, we pass [256].</para>
                </listitem>
            </varlistentry>
			<varlistentry>
			<term>ranges</term>
                <listitem>
                    <para> It takes argument as list This is our RANGE. Normally, it is [0,256].</para>
                </listitem>
            </varlistentry>
            
            <varlistentry>
                <term>Hist</term>
                <listitem>
                    <para>hist is a 256x1 array, each value corresponds to number of pixels in that image with its corresponding pixel value.</para>
                </listitem>
            </varlistentry>
        </variablelist>
    </refsection>
    <refsection>
        <title>Description</title>
        <para>Finding Histogram</para>
        <para>For details in Histgram see : http://opencv-python-tutroals.readthedocs.org/en/latest/py_tutorials/py_imgproc/py_histograms/py_histogram_begins/py_histogram_begins.html </para>
        </refsection>
    <refsection>
        <title>Examples</title>
        <programlisting role="example">hist = cv_calchist(img,[0],'None',[256],[0,256])</programlisting>
		
    </refsection>
    <refsection role="see also">
        <title>See Also</title>
        <simplelist type="inline">
            <member>
                <link linkend="cv_imshow_path">cv_bilateralfilter</link>
				<link linkend="cv_imread">cv_tophat</link>
            </member>
        </simplelist>
    </refsection>
</refentry>
