<?xml version="1.0" encoding="UTF-8"?>
<refentry xmlns="http://docbook.org/ns/docbook" xmlns:xlink="http://www.w3.org/1999/xlink" xmlns:scilab="http://www.scilab.org" xmlns:svg="http://www.w3.org/2000/svg" xmlns:ns3="http://www.w3.org/1999/xhtml" xmlns:mml="http://www.w3.org/1998/Math/MathML" xmlns:db="http://docbook.org/ns/docbook" version="5.0-subset Scilab" xml:id="cv_displaykeypoint" xml:lang="en">
<refnamediv>
<refname>cv_displaykeypoint</refname>
 <refpurpose>To display Keypoints</refpurpose>
 </refnamediv>

<refsynopsisdiv>
 <title>Calling Sequence</title> 
<synopsis>img_ret=cv_displaykeypoint(image,keypoints,color)
</synopsis>
 </refsynopsisdiv>
<refsection> 
<title>Arguments</title>
<variablelist>
<varlistentry>
<term>image</term>
<listitem>
<para>Input Image -> must be np.ndarray</para>
</listitem>
</varlistentry>
<varlistentry>
<term>keypoints</term>
<listitem>
<para>Keypoints extracted from SURF or SIFT</para>
</listitem>
</varlistentry>
<varlistentry>
<term>color</term>
<listitem>
<para>Color of the keypoints ex: [255,0,0]</para>
</listitem>
</varlistentry>
<varlistentry>
<term>img_ret</term>
<listitem>
<para>Returned image</para>
</listitem>
</varlistentry>
</variablelist>
</refsection>
<refsection> 
<title>Description</title>
<para>To display Keypoints</para>
<para>This function is used to display Keypoints on an image, the keypoints are extracted from SURF and SIFT</para></refsection>
<refsection>
<title>Examples</title>
<programlisting role="example">
image=cv_displaykeypoint(image,keypoints,[255,0,0])</programlisting>
</refsection>
<refsection role="see also">
<title>See Also</title>
<simplelist type="inline">
<member>
<link linkend="cv_drawkeypoints">cv_drawkeypoints</link>
<link linkend="cv_drawmatches">cv_drawmatches</link>
</member>
</simplelist>
</refsection>
</refentry>