<?xml version="1.0" encoding="UTF-8"?>
<!--
 * This file is released under the 3-clause BSD license. See COPYING-BSD.
 *
 -->
<refentry xmlns="http://docbook.org/ns/docbook" xmlns:xlink="http://www.w3.org/1999/xlink" xmlns:scilab="http://www.scilab.org" xmlns:svg="http://www.w3.org/2000/svg" xmlns:ns3="http://www.w3.org/1999/xhtml" xmlns:mml="http://www.w3.org/1998/Math/MathML" xmlns:db="http://docbook.org/ns/docbook" version="5.0-subset Scilab" xml:id="cv_imread_path" xml:lang="en">
    <refnamediv>
        <refname>cv_imread_path</refname>
        <refpurpose>Reading image</refpurpose>
    </refnamediv>
    <refsynopsisdiv>
        <title>Calling Sequence</title>
        <synopsis>cv_imread_path(path,flag)</synopsis>
    </refsynopsisdiv>
	<refsection>
        <title>Arguments</title>
        <variablelist>
            <varlistentry>
                <term>path</term>
                <listitem>
                    <para>Path of the Image</para>
                </listitem>
            </varlistentry>
			<varlistentry>
                <term>Flag</term>
                <listitem>
                    <para>inptu is either 1 or 0. 1 is for rgb image and 0 for grayscale</para>
                </listitem>
            </varlistentry>
            
            <varlistentry>
                <term>image</term>
                <listitem>
                    <para>Image is read from the path and returned to output variable "image"</para>
                </listitem>
            </varlistentry>
        </variablelist>
    </refsection>
    
    <refsection>
        <title>Description</title>
        <para>Read an image</para>
        <para>This is an example function showing how a function will be called from scilab, It will read the image whose path will be provided by the user and return the read image via the Ouput variable</para>
        
        
    </refsection>
    <refsection>
        <title>Examples</title>
         <programlisting role="example">image=cv_imread_path("N:\image.png",1)</programlisting>
		<programlisting role="example">image=cv_imread_path("~/image.png",1)</programlisting>
    </refsection>
    <refsection role="see also">
        <title>See Also</title>
        <simplelist type="inline">
            <member>
               
            </member>
        </simplelist>
    </refsection>
</refentry>