<?xml version="1.0" encoding="UTF-8"?>
<refentry xmlns="http://docbook.org/ns/docbook" xmlns:xlink="http://www.w3.org/1999/xlink" xmlns:scilab="http://www.scilab.org" xmlns:svg="http://www.w3.org/2000/svg" xmlns:ns3="http://www.w3.org/1999/xhtml" xmlns:mml="http://www.w3.org/1998/Math/MathML" xmlns:db="http://docbook.org/ns/docbook" version="5.0-subset Scilab" xml:id="cv_prespective_transform" xml:lang="en">
<refnamediv>
<refname>cv_prespective_transform</refname>
 <refpurpose>Provides Transformation</refpurpose>
 </refnamediv>

<refsynopsisdiv>
 <title>Calling Sequence</title> 
<synopsis>img_ret=cv_prespective_transform(p1,p2,p3,p4,)
</synopsis>
 </refsynopsisdiv>
<refsection> 
<title>Arguments</title>
<variablelist>
<varlistentry>
<term>p1</term>
/term>
<listitem>
<para>Input Image can be grayscale or rgb</para>
</listitem>
</varlistentry>
<varlistentry>
<term>p1</term>
<listitem>
<para>point 1, must be list : example [1,1]</para>
</listitem>
</varlistentry>
<varlistentry>
<term>p2</term>
<listitem>
<para>point 2, must be list : example [1,1]</para>
</listitem>
</varlistentry>
<varlistentry>
<term>p3</term>
<listitem>
<para>point 3, must be list : example [1,1]</para>
</listitem>
</varlistentry>
<varlistentry>
<term>p4</term>
<listitem>
<para>point 4, must be list : example [1,1]</para>
</listitem>
</varlistentry>
<varlistentry>
<term>img_ret</term>
<listitem>
<para>return image after transformation</para>
</listitem>
</varlistentry>
</variablelist>
</refsection>
<refsection> 
<title>Description</title>
<para>Prespective transform</para>
<para>For perspective transformation, you need a 3x3 transformation matrix. Straight lines will remain straight even after the transformation. To find this transformation matrix, you need 4 points on the input image and corresponding points on the output image. Among these 4 points, 3 of them should not be collinear. Then transformation matrix can be found by this function</para></refsection>
<refsection>
<title>Examples</title>
<programlisting role="example">
img_ret=cv_prespective_transform(input_image,[1,2],[4,5],[5,6],[2,4])</programlisting>
</refsection>
<refsection role="see also">
<title>See Also</title>
<simplelist type="inline">
<member>
<link linkend="cv_warpAffine">cv_warpAffine</link>
<link linkend="cv_resize">cv_resize</link>
</member>
</simplelist>
</refsection>
</refentry>