<?xml version="1.0" encoding="UTF-8"?>
<!--
 * This file is released under the 3-clause BSD license. See COPYING-BSD.
 *
 -->
<refentry xmlns="http://docbook.org/ns/docbook" xmlns:xlink="http://www.w3.org/1999/xlink" xmlns:scilab="http://www.scilab.org" xmlns:svg="http://www.w3.org/2000/svg" xmlns:ns3="http://www.w3.org/1999/xhtml" xmlns:mml="http://www.w3.org/1998/Math/MathML" xmlns:db="http://docbook.org/ns/docbook" version="5.0-subset Scilab" xml:id="cv_resize" xml:lang="en">
    <refnamediv>
        <refname>cv_resize</refname>
        <refpurpose>Resize Image </refpurpose>
    </refnamediv>
    <refsynopsisdiv>
        <title>Calling Sequence</title>
        <synopsis>cv_resize(image, height,width,interpolation)</synopsis>
    </refsynopsisdiv>
    <refsection>
        <title>Arguments</title>
        <variablelist>
            <varlistentry>
                <term>image</term>
                <listitem>
                    <para>Image to be Resized</para>
                </listitem>
            </varlistentry>
			<varlistentry>
                <term>height</term>
                <listitem>
                    <para>Height of the new Image</para>
                </listitem>
            </varlistentry>
           <varlistentry>
                <term>width</term>
                <listitem>
                    <para>Width of the new Image</para>
                </listitem>
            </varlistentry>
			<varlistentry>
                <term>Interpolation</term>
                <listitem>
                    <para>Interpolation should be an int from 1 to 3 where 1-> INTER_AREA, 2-> INTER_CUBIC, 3-> INTER_LINEAR</para>
                </listitem>
            </varlistentry>
           
        </variablelist>
    </refsection>
    <refsection>
        <title>Description</title>
        <para>Resizing an Image.</para>
        <para>Takes an input image from user and resizes it according to the height width and interpolation provided by the User.
		It gives an error if the Image is not correct i.e it is not n-darray
		</para>
    </refsection>
    <refsection>
        <title>Examples</title>
        <programlisting role="example">cv_resize(image1,5,10,1)</programlisting>
		
    </refsection>
    <refsection role="see also">
        <title>See Also</title>
        <simplelist type="inline">
            <member>
                <link linkend="cv_imshow_path">cv_imshow_path</link>
            </member>
        </simplelist>
    </refsection>
</refentry>
