<?xml version="1.0" encoding="UTF-8"?>
<!--
 * This file is released under the 3-clause BSD license. See COPYING-BSD.
 *
 -->
<refentry xmlns="http://docbook.org/ns/docbook" xmlns:xlink="http://www.w3.org/1999/xlink" xmlns:scilab="http://www.scilab.org" xmlns:svg="http://www.w3.org/2000/svg" xmlns:ns3="http://www.w3.org/1999/xhtml" xmlns:mml="http://www.w3.org/1998/Math/MathML" xmlns:db="http://docbook.org/ns/docbook" version="5.0-subset Scilab" xml:id="cv_rgb2gray_image" xml:lang="en">
    <refnamediv>
        <refname>cv_rgb2gray_image</refname>
        <refpurpose>Convert colour image into grayscale</refpurpose>
    </refnamediv>
    <refsynopsisdiv>
        <title>Calling Sequence</title>
        <synopsis>image_ret= cv_rgb2gray_image(image)</synopsis>
    </refsynopsisdiv>
    <refsection>
        <title>Arguments</title>
        <variablelist>
            <varlistentry>
                <term>image</term>
                <listitem>
                    <para>Image that is to be converted into grayscale</para>
                </listitem>
            </varlistentry>
            
            <varlistentry>
                <term>image_ret</term>
                <listitem>
                    <para>Image is read from the path and returned to output variable "image_ret"</para>
                </listitem>
            </varlistentry>
        </variablelist>
    </refsection>
    <refsection>
        <title>Description</title>
        <para>Convert the RGB image into grayscale</para>
        <para>Image is  provided by user, then the image is converted into grayscale and grayscale image is returned to the user via output variable. Converting rgb image into grayscale using this function preserves depth of the image. </para>
        </refsection>
    <refsection>
        <title>Examples</title>
        <programlisting role="example">image=cv_rgb2gray_image(input_image)</programlisting>
		
    </refsection>
    <refsection role="see also">
        <title>See Also</title>
        <simplelist type="inline">
            <member>
                <link linkend="cv_imshow_path">cv_imshow_path</link>
				<link linkend="cv_imread">cv_imread</link>
            </member>
        </simplelist>
    </refsection>
</refentry>
