<?xml version="1.0" encoding="UTF-8"?>
<refentry xmlns="http://docbook.org/ns/docbook" xmlns:xlink="http://www.w3.org/1999/xlink" xmlns:scilab="http://www.scilab.org" xmlns:svg="http://www.w3.org/2000/svg" xmlns:ns3="http://www.w3.org/1999/xhtml" xmlns:mml="http://www.w3.org/1998/Math/MathML" xmlns:db="http://docbook.org/ns/docbook" version="5.0-subset Scilab" xml:id="cv_shi_cornerdetection" xml:lang="en">
<refnamediv>
<refname>cv_shi_cornerdetection</refname>
 <refpurpose>"Determines strong corners on an image"</refpurpose>
 </refnamediv>

<refsynopsisdiv>
 <title>Calling Sequence</title> 
<synopsis>"image","corners"=cv_shi_cornerdetection("image","maxCorners","qualityLevel","minDistance")
</synopsis>
 </refsynopsisdiv>
<refsection> 
<title>Arguments</title>
<variablelist>
<varlistentry>
<term>"image"</term>
<listitem>
<para>"Input Image(Grayscale image if not it will be converted internally)"</para>
</listitem>
</varlistentry>
<varlistentry>
<term>"maxCorners"</term>
<listitem>
<para>"Maximum number of corners to return. If there are more corners than are found, the strongest of them is returned"</para>
</listitem>
</varlistentry>
<varlistentry>
<term>"qualityLevel"</term>
<listitem>
<para>"Parameter characterizing the minimal accepted quality of image corners. The parameter value is multiplied by the best corner quality measure, which is the minimal eigenvalue or the Harris function response. The corners with the quality measure less than the product are rejected. For example, if the best corner has the quality measure = 1500, and the qualityLevel=0.01 , then all the corners with the quality measure less than 15 are rejected"</para>
</listitem>
</varlistentry>
<varlistentry>
<term>"minDistance"</term>
<listitem>
<para>"Minimum possible Euclidean distance between the returned corners"</para>
</listitem>
</varlistentry>
<varlistentry>
<term>"image"</term>
<listitem>
<para>"Output image (corners drawn on input image)"</para>
</listitem>
</varlistentry>
<varlistentry>
<term>"corners"</term>
<listitem>
<para>"Output vector of detected corners"</para>
</listitem>
</varlistentry>
</variablelist>
</refsection>
<refsection> 
<title>Description</title>
<para>"Determines strong corners on an image"</para>
<para>"The function finds the most prominent corners in the image or in the specified image region.Function throws away each corner for which there is a stronger corner at a distance less than maxDistance"</para></refsection>
<refsection>
<title>Examples</title>
<programlisting role="example">
"[image,corners]=cv_shi_cornerdetection(input_image, 20, 0.01, 3);"</programlisting>
</refsection>
<refsection role="see also">
<title>See Also</title>
<simplelist type="inline">
<member>
<link linkend="cv_surf">cv_surf</link>
<link linkend="cv_sift">cv_sift</link>
</member>
</simplelist>
</refsection>
</refentry>