<?xml version="1.0" encoding="UTF-8"?>
<refentry xmlns="http://docbook.org/ns/docbook" xmlns:xlink="http://www.w3.org/1999/xlink" xmlns:scilab="http://www.scilab.org" xmlns:svg="http://www.w3.org/2000/svg" xmlns:ns3="http://www.w3.org/1999/xhtml" xmlns:mml="http://www.w3.org/1998/Math/MathML" xmlns:db="http://docbook.org/ns/docbook" version="5.0-subset Scilab" xml:id="cv_zeros" xml:lang="en">
<refnamediv>
<refname>cv_zeros</refname>
 <refpurpose>"Returns array of zeros"</refpurpose>
 </refnamediv>

<refsynopsisdiv>
 <title>Calling Sequence</title> 
<synopsis>"mat"=cv_zeros("rows","cols","type1")
</synopsis>
 </refsynopsisdiv>
<refsection> 
<title>Arguments</title>
<variablelist>
<varlistentry>
<term>"rows"</term>
<listitem>
<para>"number of rows"</para>
</listitem>
</varlistentry>
<varlistentry>
<term>"cols"</term>
<listitem>
<para>"number of columns"</para>
</listitem>
</varlistentry>
<varlistentry>
<term>"type1"</term>
<listitem>
<para>"1 for float64 or 2 for unsigned int8"</para>
</listitem>
</varlistentry>
<varlistentry>
<term>"mat"</term>
<listitem>
<para>"Returned array"</para>
</listitem>
</varlistentry>
</variablelist>
</refsection>
<refsection> 
<title>Description</title>
<para>"Returns array of zeros"</para>
<para>"Returns array of dimention Rows x Column specified in the argument whos all values are zero"</para></refsection>
<refsection>
<title>Examples</title>
<programlisting role="example">
"[mat]=cv_zeros(8,8,1)"</programlisting>
</refsection>
<refsection role="see also">
<title>See Also</title>
<simplelist type="inline">
<member>
<link linkend="cv_surf">cv_surf</link>
<link linkend="cv_sift">cv_sift</link>
</member>
</simplelist>
</refsection>
</refentry>